-- 시퀀스 생성
DROP SEQUENCE SEQ_COMMENT_CODE;
DROP SEQUENCE SEQ_NOTE_CODE;
DROP SEQUENCE SEQ_BOARD_CODE;
DROP SEQUENCE SEQ_MENU_CODE;
DROP SEQUENCE SEQ_COMPANY_CODE;
DROP SEQUENCE SEQ_RANK_CODE;
DROP SEQUENCE SEQ_DEPT_CODE;
DROP SEQUENCE SEQ_ICECREAM_CODE;
DROP SEQUENCE SEQ_IN_OUT_CODE;
DROP SEQUENCE SEQ_ADDENDUM_CODE;
DROP SEQUENCE SEQ_EA_CODE;
DROP SEQUENCE SEQ_DOCUMENT_CODE;
DROP SEQUENCE SEQ_EA_PATH_CODE;
DROP SEQUENCE SEQ_VOTE_CODE;
DROP SEQUENCE SEQ_SP_CODE;
DROP SEQUENCE SEQ_SALARY_CODE;

CREATE SEQUENCE SEQ_COMMENT_CODE
START WITH 1;
CREATE SEQUENCE SEQ_NOTE_CODE
START WITH 1;
CREATE SEQUENCE SEQ_BOARD_CODE
START WITH 1;
CREATE SEQUENCE SEQ_MENU_CODE
START WITH 1;
CREATE SEQUENCE SEQ_COMPANY_CODE
START WITH 1;
CREATE SEQUENCE SEQ_RANK_CODE
START WITH 1;
CREATE SEQUENCE SEQ_DEPT_CODE
START WITH 1;
CREATE SEQUENCE SEQ_ICECREAM_CODE
START WITH 1;
CREATE SEQUENCE SEQ_IN_OUT_CODE
START WITH 1;
CREATE SEQUENCE SEQ_ADDENDUM_CODE
START WITH 1;
CREATE SEQUENCE SEQ_EA_CODE
START WITH 1;
CREATE SEQUENCE SEQ_DOCUMENT_CODE
START WITH 1;
CREATE SEQUENCE SEQ_EA_PATH_CODE
START WITH 1;
CREATE SEQUENCE SEQ_VOTE_CODE
START WITH 1;
CREATE SEQUENCE SEQ_SP_CODE
START WITH 1;
CREATE SEQUENCE SEQ_SALARY_CODE
START WITH 1;

-- 게시판 테이블
DROP TABLE "BOARD" CASCADE CONSTRAINTS;
CREATE TABLE "BOARD" (
	"BOARD_NO"	NUMBER		NOT NULL,
	"MEMBER_NAME"	VARCHAR2(255)		NOT NULL,
	"BOARD_CONTENT"	CLOB		NOT NULL,
	"REPORTING_DATE"	DATE		NOT NULL,
	"BOARD_TITLE"	VARCHAR2(255)		NOT NULL,
	"BOARD_HITS"	NUMBER		NOT NULL,
	"BOARD_CATEGORY"	NUMBER		NOT NULL,
    CONSTRAINT UK_BOARD_CATEGORY CHECK(BOARD_CATEGORY IN ('1', '2'))
);

COMMENT ON COLUMN "BOARD"."BOARD_NO" IS '게시판 번호';
COMMENT ON COLUMN "BOARD"."MEMBER_NAME" IS '사원명';
COMMENT ON COLUMN "BOARD"."BOARD_CONTENT" IS '내용';
COMMENT ON COLUMN "BOARD"."REPORTING_DATE" IS '작성일';
COMMENT ON COLUMN "BOARD"."BOARD_TITLE" IS '제목';
COMMENT ON COLUMN "BOARD"."BOARD_HITS" IS '조회수';
COMMENT ON COLUMN "BOARD"."BOARD_CATEGORY" IS '카테고리(1 : 공지사항, 2 : 사내게시판)';

-- 재고 관리 테이블
DROP TABLE "INVENTORY" CASCADE CONSTRAINTS;
CREATE TABLE "INVENTORY" (
	"ICE_NO"	NUMBER		NOT NULL,
	"CO_SERIAL_NO"	NUMBER		NOT NULL,
	"INVEN_REMAIN_STOCK"	NUMBER		NOT NULL
);

COMMENT ON COLUMN "INVENTORY"."ICE_NO" IS '아이스크림 번호';
COMMENT ON COLUMN "INVENTORY"."CO_SERIAL_NO" IS '회사 일련 번호';
COMMENT ON COLUMN "INVENTORY"."INVEN_REMAIN_STOCK" IS '님은 재고량';

-- 계정 테이블
DROP TABLE "MEMBER" CASCADE CONSTRAINTS;
CREATE TABLE "MEMBER" (
	"MEMBER_NAME"	VARCHAR2(255)		NOT NULL,
	"CO_SERIAL_NO"	NUMBER		NOT NULL,
	"DEPT_NO"	NUMBER		NOT NULL,
	"RANK_NO"	NUMBER		NOT NULL,
    MEMBER_PWD VARCHAR2(255) NOT NULL,
	"MEMBER_EMP_NO"	NUMBER		NOT NULL,
	"MEMBER_BIRTH"	VARCHAR2(255)		NOT NULL,
	"MEMBER_PHONE_NO"	VARCHAR2(255)		NOT NULL,
	"MEMBER_JOIN_DATE"	DATE		NOT NULL,
	"MEMBER_QUIT_DATE"	DATE		NULL,
	"MEMBER_REGULAR_PAY"	NUMBER		NOT NULL,
	"MEMBER_BONUS"	NUMBER		NOT NULL,
	"MEMBER_ANNUAL_INCOME"	NUMBER		NOT NULL,
	"MEMBER_EMAIL"	VARCHAR2(255)		NOT NULL,
    "ENT_YN" VARCHAR2(1) DEFAULT 'N' NOT NULL,
    CONSTRAINT UK_ENT_YN CHECK("ENT_YN" IN ('Y', 'N'))
);

COMMENT ON COLUMN "MEMBER"."MEMBER_NAME" IS '사원명';
COMMENT ON COLUMN "MEMBER"."CO_SERIAL_NO" IS '회사 일련 번호';
COMMENT ON COLUMN "MEMBER"."DEPT_NO" IS '부서 번호';
COMMENT ON COLUMN "MEMBER"."RANK_NO" IS '직급번호';
COMMENT ON COLUMN "MEMBER"."MEMBER_EMP_NO" IS '사번';
COMMENT ON COLUMN "MEMBER"."MEMBER_BIRTH" IS '생년월일';
COMMENT ON COLUMN "MEMBER"."MEMBER_PHONE_NO" IS '전화번호';
COMMENT ON COLUMN "MEMBER"."MEMBER_JOIN_DATE" IS '입사일';
COMMENT ON COLUMN "MEMBER"."MEMBER_QUIT_DATE" IS '퇴사일';
COMMENT ON COLUMN "MEMBER"."MEMBER_REGULAR_PAY" IS '기본급';
COMMENT ON COLUMN "MEMBER"."MEMBER_BONUS" IS '보너스';
COMMENT ON COLUMN "MEMBER"."MEMBER_ANNUAL_INCOME" IS '연봉';
COMMENT ON COLUMN "MEMBER"."MEMBER_EMAIL" IS '이메일';
COMMENT ON COLUMN "MEMBER".MEMBER_PWD IS '비밀번호';
COMMENT ON COLUMN "MEMBER".ENT_YN IS '퇴직여부';

-- 근태 관리 테이블
DROP TABLE "TNA" CASCADE CONSTRAINTS;
CREATE TABLE "TNA" (
	"TNA_DATE"	DATE		NOT NULL,
	"MEMBER_NAME"	VARCHAR2(255)		NOT NULL,
	"TNA_CODE"	NUMBER		NULL,
    CONSTRAINT UK_TNA_CODE CHECK(TNA_CODE IN ('1', '2', '3', '4'))
);

COMMENT ON COLUMN "TNA"."TNA_DATE" IS '날짜';
COMMENT ON COLUMN "TNA"."MEMBER_NAME" IS '사원명';
COMMENT ON COLUMN "TNA"."TNA_CODE" IS '근태코드(1 : 연차, 2 : 지각, 3 : 조퇴, 4 : 결근)';

-- 쪽지 테이블
DROP TABLE "NOTE" CASCADE CONSTRAINTS;
CREATE TABLE "NOTE" (
	"NOTE_SERIAL_NO"	NUMBER		NOT NULL,
	"SENT_MEMBER_NAME"	VARCHAR2(255)		NOT NULL,
	"RECEIVE_MEMBER_NAME"	VARCHAR2(255)		NOT NULL,
	"NOTE_SEND_DATE"	DATE		NOT NULL,
	"NOTE_RECEPTION"	VARCHAR2(1)	DEFAULT 'N'	NOT NULL,
	"NOTE_CONTENT"	CLOB		NOT NULL,
    CONSTRAINT UK_NOTE_RECEPTION CHECK("NOTE_RECEPTION" IN ('Y', 'N'))
);

COMMENT ON COLUMN "NOTE"."NOTE_SERIAL_NO" IS '쪽지 일련번호';
COMMENT ON COLUMN "NOTE"."SENT_MEMBER_NAME" IS '발신자';
COMMENT ON COLUMN "NOTE"."RECEIVE_MEMBER_NAME" IS '수신자';
COMMENT ON COLUMN "NOTE"."NOTE_SEND_DATE" IS '발신일';
COMMENT ON COLUMN "NOTE"."NOTE_RECEPTION" IS '수신상태';
COMMENT ON COLUMN "NOTE"."NOTE_CONTENT" IS '내용';

-- 전자 결재 테이블
DROP TABLE "ELECTRONIC_APPROVAL" CASCADE CONSTRAINTS;
CREATE TABLE "ELECTRONIC_APPROVAL" (
	"EA_SERIAL_NO"	NUMBER		NOT NULL,
	"MEMBER_NAME"	VARCHAR2(255)		NOT NULL,
	"EA_DATE"	DATE		NOT NULL,
	"EA_TITLE"	VARCHAR2(255)		NOT NULL,
	"EA_CONTENT"	CLOB		NOT NULL,
	"EA_STATUS"	NUMBER		NOT NULL
);

COMMENT ON COLUMN "ELECTRONIC_APPROVAL"."EA_SERIAL_NO" IS '기안서 일련번호';
COMMENT ON COLUMN "ELECTRONIC_APPROVAL"."MEMBER_NAME" IS '사원명';
COMMENT ON COLUMN "ELECTRONIC_APPROVAL"."EA_DATE" IS '작성일자';
COMMENT ON COLUMN "ELECTRONIC_APPROVAL"."EA_TITLE" IS '기안서 제목';
COMMENT ON COLUMN "ELECTRONIC_APPROVAL"."EA_CONTENT" IS '결재 내용';
COMMENT ON COLUMN "ELECTRONIC_APPROVAL"."EA_STATUS" IS '결재 상태';

-- 휴가계 테이블
DROP TABLE "LEAVE_APPLICATION" CASCADE CONSTRAINTS;
CREATE TABLE "LEAVE_APPLICATION" (
	"LA_SERIAL_NO"	NUMBER		NOT NULL,
	"MEMBER_NAME"	VARCHAR2(255)		NOT NULL,
	"LA_REPORTING_DATE"	DATE		NOT NULL,
	"LA_DEPT_NAME"	VARCHAR2(30)		NOT NULL,
	"LA_TYPE"	VARCHAR2(50)		NOT NULL,
	"LA_HOLIDAY"	DATE		NOT NULL,
	"LA_REASON"	CLOB		NOT NULL,
	"LA_PROXY"	VARCHAR2(30)		NOT NULL,
	"LA_COMMENT"	VARCHAR2(255)		NULL,
	"LA_APPROVAL"	NUMBER		NOT NULL
);

COMMENT ON COLUMN "LEAVE_APPLICATION"."LA_SERIAL_NO" IS '휴가계 일련번호';
COMMENT ON COLUMN "LEAVE_APPLICATION"."MEMBER_NAME" IS '사원명';
COMMENT ON COLUMN "LEAVE_APPLICATION"."LA_REPORTING_DATE" IS '신청일자';
COMMENT ON COLUMN "LEAVE_APPLICATION"."LA_DEPT_NAME" IS '부서명';
COMMENT ON COLUMN "LEAVE_APPLICATION"."LA_TYPE" IS '휴가 종류';
COMMENT ON COLUMN "LEAVE_APPLICATION"."LA_HOLIDAY" IS '휴가 기간';
COMMENT ON COLUMN "LEAVE_APPLICATION"."LA_REASON" IS '휴가 사유';
COMMENT ON COLUMN "LEAVE_APPLICATION"."LA_PROXY" IS '대리 업무자';
COMMENT ON COLUMN "LEAVE_APPLICATION"."LA_COMMENT" IS '첨언';
COMMENT ON COLUMN "LEAVE_APPLICATION"."LA_APPROVAL" IS '결재상태';

-- 투표 테이블
DROP TABLE "VOTE" CASCADE CONSTRAINTS;
CREATE TABLE "VOTE" (
	"VOTE_SERIAL_NO"	NUMBER		NOT NULL,
	"MEMBER_NAME"	VARCHAR2(255)		NOT NULL,
	"VOTE_TITLE"	VARCHAR2(250)		NOT NULL,
	"VOTE_CONTENT"	CLOB		NOT NULL,
	"VOTE_CATEGORY_NO"	NUMBER		NOT NULL,
	"VOTE_REG_DATE"	DATE		NOT NULL,
	"VOTE_END_DATE"	DATE		NOT NULL,
	"VOTE_HIT"	NUMBER		NOT NULL
);

COMMENT ON COLUMN "VOTE"."VOTE_SERIAL_NO" IS '투표 번호';
COMMENT ON COLUMN "VOTE"."MEMBER_NAME" IS '사원명';
COMMENT ON COLUMN "VOTE"."VOTE_TITLE" IS '투표 타이틀';
COMMENT ON COLUMN "VOTE"."VOTE_CONTENT" IS '투표 내용';
COMMENT ON COLUMN "VOTE"."VOTE_CATEGORY_NO" IS '투표 카테고리 번호';
COMMENT ON COLUMN "VOTE"."VOTE_REG_DATE" IS '투표 등록일자';
COMMENT ON COLUMN "VOTE"."VOTE_END_DATE" IS '투표 종료일자';
COMMENT ON COLUMN "VOTE"."VOTE_HIT" IS '투표 조회수';

-- 댓글 테이블
DROP TABLE "COMMENTS" CASCADE CONSTRAINTS;
CREATE TABLE "COMMENTS" (
	"COMMENTS_NO"	NUMBER		NOT NULL,
	"REF_COMMENTS_NO"	NUMBER NULL,
	"BOARD_NO"	NUMBER		NOT NULL,
	"MEMBER_NAME"	VARCHAR2(255)		NOT NULL,
	"COMMENTS_CONTENT"	CLOB		NOT NULL,
	"COMMENTS_DATE"	DATE		NOT NULL,
	"COMMENTS_DEPTH"	NUMBER		NOT NULL,
	"COMMENTS_LENGTH"	NUMBER		NOT NULL,
	"COMMENTS_STATUS"	VARCHAR2(1)	DEFAULT 'N'	NOT NULL,
    CONSTRAINT UK_COMMENTS_STATUS CHECK("COMMENTS_STATUS" IN ('Y', 'N'))
);

COMMENT ON COLUMN "COMMENTS"."COMMENTS_NO" IS '댓글 번호';
COMMENT ON COLUMN "COMMENTS"."REF_COMMENTS_NO" IS '대댓글 번호';
COMMENT ON COLUMN "COMMENTS"."BOARD_NO" IS '게시판 번호';
COMMENT ON COLUMN "COMMENTS"."MEMBER_NAME" IS '사원명';
COMMENT ON COLUMN "COMMENTS"."COMMENTS_CONTENT" IS '내용';
COMMENT ON COLUMN "COMMENTS"."COMMENTS_DATE" IS '작성일';
COMMENT ON COLUMN "COMMENTS"."COMMENTS_DEPTH" IS '댓글 깊이';
COMMENT ON COLUMN "COMMENTS"."COMMENTS_LENGTH" IS '댓글 길이';
COMMENT ON COLUMN "COMMENTS"."COMMENTS_STATUS" IS '답글 상태';

-- 아이스크림 테이블
DROP TABLE "ICECREAM" CASCADE CONSTRAINTS;
CREATE TABLE "ICECREAM" (
	"ICE_NO"	NUMBER		NOT NULL,
	"ICE_NAME"	VARCHAR2(255)		NOT NULL
);

COMMENT ON COLUMN "ICECREAM"."ICE_NO" IS '아이스크림 번호';
COMMENT ON COLUMN "ICECREAM"."ICE_NAME" IS '아이스크림 이름';

-- 회사 테이블
DROP TABLE "COMPANY" CASCADE CONSTRAINTS;
CREATE TABLE "COMPANY" (
	"CO_SERIAL_NO"	NUMBER		NOT NULL,
	"CO_DIVISION"	VARCHAR2(255)		NOT NULL,
	"CO_NAME"	VARCHAR2(255)		NOT NULL,
	"CO_STATUS"	VARCHAR2(1)	DEFAULT 'Y'	NOT NULL,
    CONSTRAINT UK_CO_STATUS CHECK("CO_STATUS" IN ('Y', 'N'))
);

COMMENT ON COLUMN "COMPANY"."CO_SERIAL_NO" IS '회사 일련 번호';
COMMENT ON COLUMN "COMPANY"."CO_DIVISION" IS '회사 구분';
COMMENT ON COLUMN "COMPANY"."CO_NAME" IS '회사명';
COMMENT ON COLUMN "COMPANY"."CO_STATUS" IS '운영 상태';

-- 휴가계 결재라인 테이블
DROP TABLE "LA_APPROVAL_PATH" CASCADE CONSTRAINTS;
CREATE TABLE "LA_APPROVAL_PATH" (
	"LA_TURN"	NUMBER		NOT NULL,
	"LA_SERIAL_NO"	NUMBER		NOT NULL,
	"MEMBER_NAME"	VARCHAR2(255)		NOT NULL,
	"LA_STATUS"	NUMBER		NOT NULL
);

COMMENT ON COLUMN "LA_APPROVAL_PATH"."LA_TURN" IS '휴가계 순번';
COMMENT ON COLUMN "LA_APPROVAL_PATH"."LA_SERIAL_NO" IS '휴가계 일련번호';
COMMENT ON COLUMN "LA_APPROVAL_PATH"."MEMBER_NAME" IS '사원명';
COMMENT ON COLUMN "LA_APPROVAL_PATH"."LA_STATUS" IS '결재상태';

-- 부서 테이블
DROP TABLE "DEPT" CASCADE CONSTRAINTS;
CREATE TABLE "DEPT" (
	"DEPT_NO"	NUMBER		NOT NULL,
	"DEPT_NAME"	VARCHAR2(255)		NOT NULL
);

COMMENT ON COLUMN "DEPT"."DEPT_NO" IS '부서 번호';
COMMENT ON COLUMN "DEPT"."DEPT_NAME" IS '부서명';

-- 직급 테이블
DROP TABLE "RANK" CASCADE CONSTRAINTS;
CREATE TABLE "RANK" (
	"RANK_NO"	NUMBER		NOT NULL,
	"RANK_NAME"	VARCHAR2(255)		NOT NULL
);

COMMENT ON COLUMN "RANK"."RANK_NO" IS '직급번호';
COMMENT ON COLUMN "RANK"."RANK_NAME" IS '직급명';

-- 전자 결재 첨언 테이블
DROP TABLE "ADDENDUM" CASCADE CONSTRAINTS;
CREATE TABLE "ADDENDUM" (
	"COMMENT_NO"	NUMBER		NOT NULL,
	"REF_COMMENT_NO"	NUMBER	NULL,
	"EA_SERIAL_NO"	NUMBER		NOT NULL,
	"MEMBER_NAME"	VARCHAR2(255)		NOT NULL,
	"COMMENT_CONTENT"	CLOB		NOT NULL,
	"COMMENT_DATE"	DATE		NOT NULL,
	"COMMENT_DEPTH"	NUMBER		NOT NULL,
	"COMMENT_LENGTH"	NUMBER		NOT NULL,
	"COMMENT_YN"	VARCHAR2(1)	DEFAULT 'N'	NOT NULL,
    CONSTRAINT UK_COMMENT_YN CHECK("COMMENT_YN" IN ('Y', 'N'))
);

COMMENT ON COLUMN "ADDENDUM"."COMMENT_NO" IS '첨언 번호';
COMMENT ON COLUMN "ADDENDUM"."REF_COMMENT_NO" IS '상위 첨언 번호';
COMMENT ON COLUMN "ADDENDUM"."EA_SERIAL_NO" IS '기안서 일련번호';
COMMENT ON COLUMN "ADDENDUM"."MEMBER_NAME" IS '사원명';
COMMENT ON COLUMN "ADDENDUM"."COMMENT_CONTENT" IS '내용';
COMMENT ON COLUMN "ADDENDUM"."COMMENT_DATE" IS '작성일';
COMMENT ON COLUMN "ADDENDUM"."COMMENT_DEPTH" IS '첨언 깊이';
COMMENT ON COLUMN "ADDENDUM"."COMMENT_LENGTH" IS '첨언 길이';
COMMENT ON COLUMN "ADDENDUM"."COMMENT_YN" IS '답글 상태';

-- 전자 결재 참조자 테이블
DROP TABLE "EA_CARBON" CASCADE CONSTRAINTS;
CREATE TABLE "EA_CARBON" (
	"EA_SERIAL_NO"	NUMBER		NOT NULL,
	"MEMBER_NAME"	VARCHAR2(255)		NOT NULL,
	"EA_CC_REFERENCE_STATE"	NUMBER	NOT NULL
);

COMMENT ON COLUMN "EA_CARBON"."EA_SERIAL_NO" IS '기안서 일련번호';
COMMENT ON COLUMN "EA_CARBON"."MEMBER_NAME" IS '사원명';
COMMENT ON COLUMN "EA_CARBON"."EA_CC_REFERENCE_STATE" IS '참조상태';

-- 휴가계 첨언 테이블
DROP TABLE "LA_ADDENDUM" CASCADE CONSTRAINTS;
CREATE TABLE "LA_ADDENDUM" (
	"COMMENT_NO"	NUMBER		NOT NULL,
	"REF_COMMENT_NO"	NUMBER		NOT NULL,
	"MEMBER_NAME"	VARCHAR2(255)		NOT NULL,
	"LA_SERIAL_NO"	NUMBER		NOT NULL,
	"COMMENT_CONTENT"	CLOB		NOT NULL,
	"COMMENT_DATE"	DATE		NOT NULL,
	"COMMENT_DEPTH"	NUMBER		NOT NULL,
	"COMMENT_LENGTH"	NUMBER		NOT NULL
);

COMMENT ON COLUMN "LA_ADDENDUM"."COMMENT_NO" IS '댓글 번호';
COMMENT ON COLUMN "LA_ADDENDUM"."REF_COMMENT_NO" IS '댓글 번호';
COMMENT ON COLUMN "LA_ADDENDUM"."MEMBER_NAME" IS '사원명';
COMMENT ON COLUMN "LA_ADDENDUM"."LA_SERIAL_NO" IS '휴가계 일련번호';
COMMENT ON COLUMN "LA_ADDENDUM"."COMMENT_CONTENT" IS '내용';
COMMENT ON COLUMN "LA_ADDENDUM"."COMMENT_DATE" IS '작성일';
COMMENT ON COLUMN "LA_ADDENDUM"."COMMENT_DEPTH" IS '댓글 깊이';
COMMENT ON COLUMN "LA_ADDENDUM"."COMMENT_LENGTH" IS '댓글 길이';

-- 문서 양식 테이블
DROP TABLE "DOCUMENT_FORM" CASCADE CONSTRAINTS;
CREATE TABLE "DOCUMENT_FORM" (
	"DF_NO"	NUMBER		NOT NULL,
	"DF_FORM"	CLOB		NOT NULL
);

COMMENT ON COLUMN "DOCUMENT_FORM"."DF_NO" IS '양식 번호';
COMMENT ON COLUMN "DOCUMENT_FORM"."DF_FORM" IS '서식';

-- 투표 선택지 테이블
DROP TABLE "VOTE_OPTION" CASCADE CONSTRAINTS;
CREATE TABLE "VOTE_OPTION" (
	"VOTE_SERIAL_NO"	NUMBER		NOT NULL,
	"MEMBER_NAME"	VARCHAR2(255)		NOT NULL,
	"VOTE_DESC"	VARCHAR2(255)		NOT NULL,
	"NUMBER_VOTE"	NUMBER		NULL
);

COMMENT ON COLUMN "VOTE_OPTION"."VOTE_SERIAL_NO" IS '투표 번호';
COMMENT ON COLUMN "VOTE_OPTION"."MEMBER_NAME" IS '사원명';
COMMENT ON COLUMN "VOTE_OPTION"."VOTE_DESC" IS '선택지 내용';
COMMENT ON COLUMN "VOTE_OPTION"."NUMBER_VOTE" IS '득표수';

-- 입출고 관리 테이블
DROP TABLE "IN_OUT" CASCADE CONSTRAINTS;
CREATE TABLE "IN_OUT" (
	"IN_OUT_NO"	NUMBER		NOT NULL,
	"ICE_NO"	NUMBER		NOT NULL,
	"CO_SERIAL_NO"	NUMBER		NOT NULL,
	"IN_OUT_DATE"	DATE		NOT NULL,
	"IN_OUT_DIVISION"	NUMBER		NOT NULL,
	"IN_OUT_AMOUNT"	NUMBER		NOT NULL,
    CONSTRAINT UK_IN_OUT_DIVISION CHECK(IN_OUT_DIVISION IN ('1', '2', '3'))
);

COMMENT ON COLUMN "IN_OUT"."IN_OUT_NO" IS '입출고 내역번호';
COMMENT ON COLUMN "IN_OUT"."ICE_NO" IS '아이스크림 번호';
COMMENT ON COLUMN "IN_OUT"."CO_SERIAL_NO" IS '회사 일련 번호';
COMMENT ON COLUMN "IN_OUT"."IN_OUT_DATE" IS '입출고 일자';
COMMENT ON COLUMN "IN_OUT"."IN_OUT_DIVISION" IS '입출고 구분(1 : 입고, 2 : 출고, 3 : 판매)';
COMMENT ON COLUMN "IN_OUT"."IN_OUT_AMOUNT" IS '수량';

-- 회원별 권한 테이블
DROP TABLE "MEMBER_ROLE" CASCADE CONSTRAINTS;
CREATE TABLE "MEMBER_ROLE" (
	"AUTHORITY_CODE"	NUMBER		NOT NULL,
	"MEMBER_NAME"	VARCHAR2(255)		NOT NULL
);

COMMENT ON COLUMN "MEMBER_ROLE"."AUTHORITY_CODE" IS '권한코드';
COMMENT ON COLUMN "MEMBER_ROLE"."MEMBER_NAME" IS '사원명';

-- 권한 테이블
DROP TABLE "AUTHORITY" CASCADE CONSTRAINTS;
CREATE TABLE "AUTHORITY" (
	"AUTHORITY_CODE"	NUMBER		NOT NULL,
	"AUTHORITY_NAME"	VARCHAR2(255)		NOT NULL,
	"AUTHORITY_DESC"	VARCHAR2(4000)		NOT NULL
);

COMMENT ON COLUMN "AUTHORITY"."AUTHORITY_CODE" IS '권한코드';
COMMENT ON COLUMN "AUTHORITY"."AUTHORITY_NAME" IS '권한명';
COMMENT ON COLUMN "AUTHORITY"."AUTHORITY_DESC" IS '권한설명';

-- 권한별접근가능메뉴 테이블
DROP TABLE "AUTHENTICATED_MENU" CASCADE CONSTRAINTS;
CREATE TABLE "AUTHENTICATED_MENU" (
	"AUTHORITY_CODE"	NUMBER		NOT NULL,
	"MENU_CODE"	NUMBER		NOT NULL
);

COMMENT ON COLUMN "AUTHENTICATED_MENU"."AUTHORITY_CODE" IS '권한코드';
COMMENT ON COLUMN "AUTHENTICATED_MENU"."MENU_CODE" IS '메뉴코드';

-- 공통메뉴 테이블
DROP TABLE "GLOBAL_MENU" CASCADE CONSTRAINTS;
CREATE TABLE "GLOBAL_MENU" (
	"MENU_CODE"	NUMBER		NOT NULL,
	"REF_MENU_CODE"	NUMBER		NOT NULL,
	"MENU_NAME"	VARCHAR2(255)		NOT NULL,
	"MENU_URL"	VARCHAR2(255)		NOT NULL,
	"MENU_DESC"	VARCHAR2(4000)		NULL,
	"MENU_ORDER"	NUMBER		NOT NULL,
	"REMOVED_YN"	VARCHAR2(1)	DEFAULT 'N'	NOT NULL,
	"MENU_TYPE"	NUMBER		NOT NULL,
    CONSTRAINT UK_REMOVED_YN CHECK(REMOVED_YN IN ('Y', 'N'))
);

COMMENT ON COLUMN "GLOBAL_MENU"."MENU_CODE" IS '메뉴코드';
COMMENT ON COLUMN "GLOBAL_MENU"."REF_MENU_CODE" IS '상위메뉴코드';
COMMENT ON COLUMN "GLOBAL_MENU"."MENU_NAME" IS '메뉴명';
COMMENT ON COLUMN "GLOBAL_MENU"."MENU_URL" IS '메뉴URL';
COMMENT ON COLUMN "GLOBAL_MENU"."MENU_DESC" IS '메뉴설명';
COMMENT ON COLUMN "GLOBAL_MENU"."MENU_ORDER" IS '출력순서';
COMMENT ON COLUMN "GLOBAL_MENU"."REMOVED_YN" IS '삭제여부';
COMMENT ON COLUMN "GLOBAL_MENU"."MENU_TYPE" IS '구분';

-- 전자 결재 결재 라인 테이블
DROP TABLE "EA_APPROVAL_PATH" CASCADE CONSTRAINTS;
CREATE TABLE "EA_APPROVAL_PATH" (
	"EA_NO"	NUMBER		NOT NULL,
	"EA_SERIAL_NO"	NUMBER		NOT NULL,
	"MEMBER_NAME"	VARCHAR2(255)		NOT NULL,
	"EA_STATUS"	NUMBER		NOT NULL,
	"EA_DATE"	DATE		NULL
);

COMMENT ON COLUMN "EA_APPROVAL_PATH"."EA_NO" IS '전자 결재 순번';
COMMENT ON COLUMN "EA_APPROVAL_PATH"."EA_SERIAL_NO" IS '기안서 일련번호';
COMMENT ON COLUMN "EA_APPROVAL_PATH"."MEMBER_NAME" IS '사원명';
COMMENT ON COLUMN "EA_APPROVAL_PATH"."EA_STATUS" IS '결재 상태(1 : 결재대기, 2 : 결재반려, 3: 결재, 4 : 결재취소)';
COMMENT ON COLUMN "EA_APPROVAL_PATH"."EA_DATE" IS '결재 일자';

-- 투표 참여 테이블
DROP TABLE "VOTE_PARTICIPATION" CASCADE CONSTRAINTS;
CREATE TABLE "VOTE_PARTICIPATION" (
	"VOTE_SERIAL_NO"	NUMBER		NOT NULL,
	"MEMBER_NAME"	VARCHAR2(255)		NOT NULL
);

COMMENT ON COLUMN "VOTE_PARTICIPATION"."VOTE_SERIAL_NO" IS '투표 번호';
COMMENT ON COLUMN "VOTE_PARTICIPATION"."MEMBER_NAME" IS '사원명';

-- 퇴직금 관리 테이블
DROP TABLE "SP_MANAGEMENT" CASCADE CONSTRAINTS;
CREATE TABLE "SP_MANAGEMENT" (
    SP_NO   NUMBER NOT NULL,
	"MEMBER_NAME"	VARCHAR2(255)		NOT NULL,
	"SERVERANCE_PAY"	NUMBER		NOT NULL,
	"EMP_YEAR"	NUMBER		NOT NULL
);

COMMENT ON COLUMN "SP_MANAGEMENT".SP_NO IS '퇴직금번호';
COMMENT ON COLUMN "SP_MANAGEMENT"."MEMBER_NAME" IS '사원명';
COMMENT ON COLUMN "SP_MANAGEMENT"."SERVERANCE_PAY" IS '퇴직금';
COMMENT ON COLUMN "SP_MANAGEMENT"."EMP_YEAR" IS '재직년수';

-- 급여 테이블
DROP TABLE "SALARY" CASCADE CONSTRAINTS;
CREATE TABLE "SALARY" (
	"SAL_SERIAL_NO"	NUMBER		NOT NULL,
	"MEMBER_NAME"	VARCHAR2(255)		NOT NULL,
	"SAL_DATE"	DATE		NOT NULL,
	"SAL_REGULAR_PAY"	NUMBER		NULL,
	"SAL_BONUS"	NUMBER		NULL
);

COMMENT ON COLUMN "SALARY"."SAL_SERIAL_NO" IS '급여 일련번호';
COMMENT ON COLUMN "SALARY"."MEMBER_NAME" IS '사원명';
COMMENT ON COLUMN "SALARY"."SAL_DATE" IS '귀속연월';
COMMENT ON COLUMN "SALARY"."SAL_REGULAR_PAY" IS '월급 금액';
COMMENT ON COLUMN "SALARY"."SAL_BONUS" IS '보너스 금액';

ALTER TABLE "BOARD" ADD CONSTRAINT "PK_BOARD" PRIMARY KEY (
	"BOARD_NO"
);

ALTER TABLE "INVENTORY" ADD CONSTRAINT "PK_INVENTORY" PRIMARY KEY (
	"ICE_NO",
	"CO_SERIAL_NO"
);

ALTER TABLE "MEMBER" ADD CONSTRAINT "PK_MEMBER" PRIMARY KEY (
	"MEMBER_NAME"
);

ALTER TABLE "TNA" ADD CONSTRAINT "PK_TNA" PRIMARY KEY (
	"TNA_DATE",
	"MEMBER_NAME"
);

ALTER TABLE "NOTE" ADD CONSTRAINT "PK_NOTE" PRIMARY KEY (
	"NOTE_SERIAL_NO"
);

ALTER TABLE "ELECTRONIC_APPROVAL" ADD CONSTRAINT "PK_ELECTRONIC_APPROVAL" PRIMARY KEY (
	"EA_SERIAL_NO"
);

ALTER TABLE "LEAVE_APPLICATION" ADD CONSTRAINT "PK_LEAVE_APPLICATION" PRIMARY KEY (
	"LA_SERIAL_NO"
);

ALTER TABLE "VOTE" ADD CONSTRAINT "PK_VOTE" PRIMARY KEY (
	"VOTE_SERIAL_NO"
);

ALTER TABLE "COMMENTS" ADD CONSTRAINT "PK_COMMENT" PRIMARY KEY (
	"COMMENTS_NO"
);

ALTER TABLE "ICECREAM" ADD CONSTRAINT "PK_ICE CREAM1" PRIMARY KEY (
	"ICE_NO"
);

ALTER TABLE "COMPANY" ADD CONSTRAINT "PK_COMPANY" PRIMARY KEY (
	"CO_SERIAL_NO"
);

ALTER TABLE "LA_APPROVAL_PATH" ADD CONSTRAINT "PK_LA_ APPROVAL_PATH" PRIMARY KEY (
	"LA_TURN",
	"LA_SERIAL_NO"
);

ALTER TABLE "DEPT" ADD CONSTRAINT "PK_DEPT" PRIMARY KEY (
	"DEPT_NO"
);

ALTER TABLE "RANK" ADD CONSTRAINT "PK_RANK" PRIMARY KEY (
	"RANK_NO"
);

ALTER TABLE "ADDENDUM" ADD CONSTRAINT "PK_ADDENDUM" PRIMARY KEY (
	"COMMENT_NO"
);

ALTER TABLE "EA_CARBON" ADD CONSTRAINT "PK_EA_CARBON" PRIMARY KEY (
	"EA_SERIAL_NO",
	"MEMBER_NAME"
);

ALTER TABLE "LA_ADDENDUM" ADD CONSTRAINT "PK_LA_ADDENDUM" PRIMARY KEY (
	"COMMENT_NO"
);

ALTER TABLE "DOCUMENT_FORM" ADD CONSTRAINT "PK_DOCUMENT_FORM" PRIMARY KEY (
	"DF_NO"
);

ALTER TABLE "VOTE_OPTION" ADD CONSTRAINT "PK_VOTE_OPTION" PRIMARY KEY (
	"VOTE_SERIAL_NO",
	"MEMBER_NAME"
);

ALTER TABLE "IN_OUT" ADD CONSTRAINT "PK_IN_OUT" PRIMARY KEY (
	"IN_OUT_NO"
);

ALTER TABLE "MEMBER_ROLE" ADD CONSTRAINT "PK_MEMBER_ROLE" PRIMARY KEY (
	"AUTHORITY_CODE",
	"MEMBER_NAME"
);

ALTER TABLE "AUTHORITY" ADD CONSTRAINT "PK_AUTHORITY" PRIMARY KEY (
	"AUTHORITY_CODE"
);

ALTER TABLE "AUTHENTICATED_MENU" ADD CONSTRAINT "PK_AUTHENTICATED_MENU" PRIMARY KEY (
	"AUTHORITY_CODE",
	"MENU_CODE"
);

ALTER TABLE "GLOBAL_MENU" ADD CONSTRAINT "PK_GLOBAL_MENU" PRIMARY KEY (
	"MENU_CODE"
);

ALTER TABLE "EA_APPROVAL_PATH" ADD CONSTRAINT "PK_EA_APPROVAL_PATH" PRIMARY KEY (
	"EA_NO",
	"EA_SERIAL_NO"
);

ALTER TABLE "VOTE_PARTICIPATION" ADD CONSTRAINT "PK_VOTE_PARTICIPATION" PRIMARY KEY (
	"VOTE_SERIAL_NO",
	"MEMBER_NAME"
);

ALTER TABLE "SP_MANAGEMENT" ADD CONSTRAINT "PK_SP_MANAGEMENT1" PRIMARY KEY (
	SP_NO
);

ALTER TABLE "SALARY" ADD CONSTRAINT "PK_SAL_SERIAL_NO" PRIMARY KEY (
	"SAL_SERIAL_NO"
);

ALTER TABLE "BOARD" ADD CONSTRAINT "FK_MEMBER_TO_BOARD_1" FOREIGN KEY (
	"MEMBER_NAME"
)
REFERENCES "MEMBER" (
	"MEMBER_NAME"
);

ALTER TABLE "INVENTORY" ADD CONSTRAINT "FK_ICECREAM_TO_INVENTORY_1" FOREIGN KEY (
	"ICE_NO"
)
REFERENCES "ICECREAM" (
	"ICE_NO"
);

ALTER TABLE "INVENTORY" ADD CONSTRAINT "FK_COMPANY_TO_INVENTORY_1" FOREIGN KEY (
	"CO_SERIAL_NO"
)
REFERENCES "COMPANY" (
	"CO_SERIAL_NO"
);

ALTER TABLE "MEMBER" ADD CONSTRAINT "FK_COMPANY_TO_MEMBER_1" FOREIGN KEY (
	"CO_SERIAL_NO"
)
REFERENCES "COMPANY" (
	"CO_SERIAL_NO"
);

ALTER TABLE "MEMBER" ADD CONSTRAINT "FK_DEPT_TO_MEMBER_1" FOREIGN KEY (
	"DEPT_NO"
)
REFERENCES "DEPT" (
	"DEPT_NO"
);

ALTER TABLE "MEMBER" ADD CONSTRAINT "FK_RANK_TO_MEMBER_1" FOREIGN KEY (
	"RANK_NO"
)
REFERENCES "RANK" (
	"RANK_NO"
);

ALTER TABLE "TNA" ADD CONSTRAINT "FK_MEMBER_TO_TNA_1" FOREIGN KEY (
	"MEMBER_NAME"
)
REFERENCES "MEMBER" (
	"MEMBER_NAME"
);

ALTER TABLE "NOTE" ADD CONSTRAINT "FK_MEMBER_TO_NOTE_1" FOREIGN KEY (
	"SENT_MEMBER_NAME"
)
REFERENCES "MEMBER" (
	"MEMBER_NAME"
);

ALTER TABLE "NOTE" ADD CONSTRAINT "FK_MEMBER_TO_NOTE_2" FOREIGN KEY (
	"RECEIVE_MEMBER_NAME"
)
REFERENCES "MEMBER" (
	"MEMBER_NAME"
);

ALTER TABLE "ELECTRONIC_APPROVAL" ADD CONSTRAINT "FK_MEM_TO_EA_APP_1" FOREIGN KEY (
	"MEMBER_NAME"
)
REFERENCES "MEMBER" (
	"MEMBER_NAME"
);

ALTER TABLE "LEAVE_APPLICATION" ADD CONSTRAINT "FK_MEM_TO_LEAVE_APP_1" FOREIGN KEY (
	"MEMBER_NAME"
)
REFERENCES "MEMBER" (
	"MEMBER_NAME"
);

ALTER TABLE "VOTE" ADD CONSTRAINT "FK_MEMBER_TO_VOTE_1" FOREIGN KEY (
	"MEMBER_NAME"
)
REFERENCES "MEMBER" (
	"MEMBER_NAME"
);

ALTER TABLE "COMMENTS" ADD CONSTRAINT "FK_COMMENT_TO_COMMENT_1" FOREIGN KEY (
	"REF_COMMENTS_NO"
)
REFERENCES "COMMENTS" (
	"COMMENTS_NO"
);

ALTER TABLE "COMMENTS" ADD CONSTRAINT "FK_BOARD_TO_COMMENT_1" FOREIGN KEY (
	"BOARD_NO"
)
REFERENCES "BOARD" (
	"BOARD_NO"
);

ALTER TABLE "COMMENTS" ADD CONSTRAINT "FK_MEMBER_TO_COMMENT_1" FOREIGN KEY (
	"MEMBER_NAME"
)
REFERENCES "MEMBER" (
	"MEMBER_NAME"
);

ALTER TABLE "LA_APPROVAL_PATH" ADD CONSTRAINT "FK_LEAVE_TO_APP_PATH_1" FOREIGN KEY (
	"LA_SERIAL_NO"
)
REFERENCES "LEAVE_APPLICATION" (
	"LA_SERIAL_NO"
);

ALTER TABLE "LA_APPROVAL_PATH" ADD CONSTRAINT "FK_MEM_TO_LA_ APP_PATH_1" FOREIGN KEY (
	"MEMBER_NAME"
)
REFERENCES "MEMBER" (
	"MEMBER_NAME"
);

ALTER TABLE "ADDENDUM" ADD CONSTRAINT "FK_ADDENDUM_TO_ADDENDUM_1" FOREIGN KEY (
	"REF_COMMENT_NO"
)
REFERENCES "ADDENDUM" (
	"COMMENT_NO"
);

ALTER TABLE "ADDENDUM" ADD CONSTRAINT "FK_ELE_APP_TO_ADD_1" FOREIGN KEY (
	"EA_SERIAL_NO"
)
REFERENCES "ELECTRONIC_APPROVAL" (
	"EA_SERIAL_NO"
);

ALTER TABLE "ADDENDUM" ADD CONSTRAINT "FK_MEMBER_TO_ADDENDUM_1" FOREIGN KEY (
	"MEMBER_NAME"
)
REFERENCES "MEMBER" (
	"MEMBER_NAME"
);

ALTER TABLE "EA_CARBON" ADD CONSTRAINT "FK_ELEC_APP_TO_EA_CARBON_1" FOREIGN KEY (
	"EA_SERIAL_NO"
)
REFERENCES "ELECTRONIC_APPROVAL" (
	"EA_SERIAL_NO"
);

ALTER TABLE "EA_CARBON" ADD CONSTRAINT "FK_MEMBER_TO_EA_CARBON_1" FOREIGN KEY (
	"MEMBER_NAME"
)
REFERENCES "MEMBER" (
	"MEMBER_NAME"
);

ALTER TABLE "LA_ADDENDUM" ADD CONSTRAINT "FK_LA_ADD_TO_LA_ADD_1" FOREIGN KEY (
	"REF_COMMENT_NO"
)
REFERENCES "LA_ADDENDUM" (
	"COMMENT_NO"
);

ALTER TABLE "LA_ADDENDUM" ADD CONSTRAINT "FK_MEMBER_TO_LA_ADDENDUM_1" FOREIGN KEY (
	"MEMBER_NAME"
)
REFERENCES "MEMBER" (
	"MEMBER_NAME"
);

ALTER TABLE "LA_ADDENDUM" ADD CONSTRAINT "FK_LEAVE_APP_TO_LA_ADDENDUM_1" FOREIGN KEY (
	"LA_SERIAL_NO"
)
REFERENCES "LEAVE_APPLICATION" (
	"LA_SERIAL_NO"
);

ALTER TABLE "VOTE_OPTION" ADD CONSTRAINT "FK_VOTE_TO_VOTE_OPTION_1" FOREIGN KEY (
	"VOTE_SERIAL_NO"
)
REFERENCES "VOTE" (
	"VOTE_SERIAL_NO"
);

ALTER TABLE "VOTE_OPTION" ADD CONSTRAINT "FK_MEMBER_TO_VOTE_OPTION_1" FOREIGN KEY (
	"MEMBER_NAME"
)
REFERENCES "MEMBER" (
	"MEMBER_NAME"
);

ALTER TABLE "IN_OUT" ADD CONSTRAINT "FK_INVENTORY_TO_IN_OUT_1" FOREIGN KEY (
	"ICE_NO",
    "CO_SERIAL_NO"
)
REFERENCES "INVENTORY" (
	"ICE_NO",
    "CO_SERIAL_NO"
);

ALTER TABLE "MEMBER_ROLE" ADD CONSTRAINT "FK_AUTHORITY_TO_MEMBER_ROLE_1" FOREIGN KEY (
	"AUTHORITY_CODE"
)
REFERENCES "AUTHORITY" (
	"AUTHORITY_CODE"
);

ALTER TABLE "MEMBER_ROLE" ADD CONSTRAINT "FK_MEMBER_TO_MEMBER_ROLE_1" FOREIGN KEY (
	"MEMBER_NAME"
)
REFERENCES "MEMBER" (
	"MEMBER_NAME"
);

ALTER TABLE "AUTHENTICATED_MENU" ADD CONSTRAINT "FK_AUTHORITY_TO_AUTH_MENU_1" FOREIGN KEY (
	"AUTHORITY_CODE"
)
REFERENCES "AUTHORITY" (
	"AUTHORITY_CODE"
);

ALTER TABLE "AUTHENTICATED_MENU" ADD CONSTRAINT "FK_GLOBAL_MENU_TO_AUTH_MENU_1" FOREIGN KEY (
	"MENU_CODE"
)
REFERENCES "GLOBAL_MENU" (
	"MENU_CODE"
);

ALTER TABLE "GLOBAL_MENU" ADD CONSTRAINT "FK_GLOB_ME_TO_GLOB_ME_1" FOREIGN KEY (
	"REF_MENU_CODE"
)
REFERENCES "GLOBAL_MENU" (
	"MENU_CODE"
);

ALTER TABLE "EA_APPROVAL_PATH" ADD CONSTRAINT "FK_ELECTRONIC_APP_TO_EA_APP_1" FOREIGN KEY (
	"EA_SERIAL_NO"
)
REFERENCES "ELECTRONIC_APPROVAL" (
	"EA_SERIAL_NO"
);

ALTER TABLE "EA_APPROVAL_PATH" ADD CONSTRAINT "FK_MEMBER_TO_EA_APP_1" FOREIGN KEY (
	"MEMBER_NAME"
)
REFERENCES "MEMBER" (
	"MEMBER_NAME"
);

ALTER TABLE "VOTE_PARTICIPATION" ADD CONSTRAINT "FK_VOTE_TO_VOTE_PART_1" FOREIGN KEY (
	"VOTE_SERIAL_NO"
)
REFERENCES "VOTE" (
	"VOTE_SERIAL_NO"
);

ALTER TABLE "VOTE_PARTICIPATION" ADD CONSTRAINT "FK_MEMBER_TO_VOTE_PART_1" FOREIGN KEY (
	"MEMBER_NAME"
)
REFERENCES "MEMBER" (
	"MEMBER_NAME"
);

ALTER TABLE "SP_MANAGEMENT" ADD CONSTRAINT "FK_MEMBER_TO_SP_MANAGEMENT_1" FOREIGN KEY (
	"MEMBER_NAME"
)
REFERENCES "MEMBER" (
	"MEMBER_NAME"
);

ALTER TABLE "SALARY" ADD CONSTRAINT "FK_MEMBER_TO_SALARY" FOREIGN KEY (
	"MEMBER_NAME"
)
REFERENCES "MEMBER" (
	"MEMBER_NAME"
);

-- 회사 테이블 INSERT
INSERT
  INTO COMPANY
  (
    CO_SERIAL_NO
  , CO_DIVISION
  , CO_NAME
  , CO_STATUS
  )
  VALUES
  (
    SEQ_COMPANY_CODE.NEXTVAL
  , '본사'
  , '본사'
  , DEFAULT
  );
INSERT
  INTO COMPANY
  (
    CO_SERIAL_NO
  , CO_DIVISION
  , CO_NAME
  , CO_STATUS
  )
  VALUES
  (
    SEQ_COMPANY_CODE.NEXTVAL
  , '가맹점'
  , '강남역점'
  , DEFAULT
  );
INSERT INTO COMPANY VALUES (SEQ_COMPANY_CODE.NEXTVAL, '가맹점', '까치산역점', DEFAULT);
INSERT INTO COMPANY VALUES (SEQ_COMPANY_CODE.NEXTVAL, '가맹점', '잠실역점', DEFAULT);
INSERT INTO COMPANY VALUES (SEQ_COMPANY_CODE.NEXTVAL, '가맹점', '용산역점', DEFAULT);

-- 직급 테이블 INSERT
INSERT
  INTO RANK
  (
    RANK_NO
  , RANK_NAME
  )
  VALUES
  (
    SEQ_RANK_CODE.NEXTVAL
  , '사장'
  );
INSERT
  INTO RANK
  (
    RANK_NO
  , RANK_NAME
  )
  VALUES
  (
    SEQ_RANK_CODE.NEXTVAL
  , '부장'
  );
INSERT
  INTO RANK
  (
    RANK_NO
  , RANK_NAME
  )
  VALUES
  (
    SEQ_RANK_CODE.NEXTVAL
  , '과장'
  );
INSERT
  INTO RANK
  (
    RANK_NO
  , RANK_NAME
  )
  VALUES
  (
    SEQ_RANK_CODE.NEXTVAL
  , '대리'
  );
INSERT
  INTO RANK
  (
    RANK_NO
  , RANK_NAME
  )
  VALUES
  (
    SEQ_RANK_CODE.NEXTVAL
  , '사원'
  );

-- 부서 테이블 INSERT
INSERT
  INTO DEPT
  (
    DEPT_NO
  , DEPT_NAME
  )
  VALUES
  (
    SEQ_DEPT_CODE.NEXTVAL
  , '영업부'
  );
INSERT
  INTO DEPT
  (
    DEPT_NO
  , DEPT_NAME
  )
  VALUES
  (
    SEQ_DEPT_CODE.NEXTVAL
  , '마케팅부'
  );

-- 계정 테이블 INSERT
INSERT
  INTO MEMBER
  VALUES
  (
    '김종현', 1, 1, 1, '$2a$10$MkdT31pLLNHkZ7fUGmxzxekKMaUeCbVe2nwMSmDrXQSeyyp.0GNEi', 1676037393, 960420, '010-8905-7678', SYSDATE, SYSDATE, 3000000,
    600000, 42000000, 'grape420@naver.com', DEFAULT
  );
INSERT
  INTO MEMBER
  VALUES
  (
    '김지혁', 2, 2, 2, '$2a$10$MkdT31pLLNHkZ7fUGmxzxekKMaUeCbVe2nwMSmDrXQSeyyp.0GNEi',1512345678, 930101, '010-1234-5678', SYSDATE, SYSDATE, 1000,
    500, 30000, 'jihyeakKing@naver.com', DEFAULT
  );
INSERT
  INTO MEMBER
  VALUES
  (
    '김가희', 2, 2, 3, '$2a$10$MkdT31pLLNHkZ7fUGmxzxekKMaUeCbVe2nwMSmDrXQSeyyp.0GNEi',1543215678, 930101, '010-1234-5678', SYSDATE, SYSDATE, 1000,
    500, 30000, 'jihyeakKing@naver.com', DEFAULT
  );
INSERT
  INTO MEMBER
  VALUES
  (
    '최호진', 2, 2, 4, '$2a$10$MkdT31pLLNHkZ7fUGmxzxekKMaUeCbVe2nwMSmDrXQSeyyp.0GNEi',1512345228, 930101, '010-1234-5678', SYSDATE, SYSDATE, 1000,
    500, 30000, 'jihyeakKing@naver.com', DEFAULT
  );
INSERT
  INTO MEMBER
  VALUES
  (
    '김성민', 2, 2, 5, '$2a$10$MkdT31pLLNHkZ7fUGmxzxekKMaUeCbVe2nwMSmDrXQSeyyp.0GNEi',1812125678, 930101, '010-1234-5678', SYSDATE, SYSDATE, 1000,
    500, 30000, 'jihyeakKing@naver.com', DEFAULT
  );
INSERT
  INTO MEMBER
  VALUES
  (
    '최유정', 2, 2, 5, '$2a$10$MkdT31pLLNHkZ7fUGmxzxekKMaUeCbVe2nwMSmDrXQSeyyp.0GNEi',1789225678, 930101, '010-1234-5678', SYSDATE, SYSDATE, 1000,
    500, 30000, 'jihyeakKing@naver.com', DEFAULT
  );
INSERT
  INTO MEMBER
  VALUES
  (
    '황성연', 2, 2, 5, '$2a$10$MkdT31pLLNHkZ7fUGmxzxekKMaUeCbVe2nwMSmDrXQSeyyp.0GNEi',1789225678, 930101, '010-1234-5678', SYSDATE, SYSDATE, 1000,
    500, 30000, 'jihyeakKing@naver.com', DEFAULT
  );
  
-- 권한 테이블 INSERT
INSERT
  INTO AUTHORITY
  (
    AUTHORITY_CODE
  , AUTHORITY_NAME
  , AUTHORITY_DESC
  )
  VALUES
  (
    1
  , 'ROLE_MEMBER'
  , '일반회원'
  );
INSERT
  INTO AUTHORITY
  (
    AUTHORITY_CODE
  , AUTHORITY_NAME
  , AUTHORITY_DESC
  )
  VALUES
  (
    2
  , 'ROLE_ADMIN'
  , '관리자'
  );
  
-- 회원별권한 테이블 INSERT
INSERT
  INTO MEMBER_ROLE
  (
    AUTHORITY_CODE
  , MEMBER_NAME
  )
  VALUES
  (
    1
  , '김지혁'
  );
INSERT
  INTO MEMBER_ROLE
  (
    AUTHORITY_CODE
  , MEMBER_NAME
  )
  VALUES
  (
    1
  , '김종현'
  );
INSERT
  INTO MEMBER_ROLE
  (
    AUTHORITY_CODE
  , MEMBER_NAME
  )
  VALUES
  (
    2
  , '김종현'
  );
  
-- 아이스크림 테이블 INSERT
INSERT
  INTO "ICECREAM"
  (
    ICE_NO
  , ICE_NAME
  )
  VALUES
  (
    SEQ_ICECREAM_CODE.NEXTVAL
  , '베리베리 스트로베리'
  );
INSERT
  INTO "ICECREAM"
  (
    ICE_NO
  , ICE_NAME
  )
  VALUES
  (
    SEQ_ICECREAM_CODE.NEXTVAL
  , '닐라닐라 바닐라'
  );
INSERT
  INTO "ICECREAM"
  (
    ICE_NO
  , ICE_NAME
  )
  VALUES
  (
    SEQ_ICECREAM_CODE.NEXTVAL
  , '아빠도 외계인'
  );
INSERT
  INTO "ICECREAM"
  (
    ICE_NO
  , ICE_NAME
  )
  VALUES
  (
    SEQ_ICECREAM_CODE.NEXTVAL
  , '민트초코초코'
  );
INSERT
  INTO "ICECREAM"
  (
    ICE_NO
  , ICE_NAME
  )
  VALUES
  (
    SEQ_ICECREAM_CODE.NEXTVAL
  , '브루베링베링'
  );
  
-- 게시판 테이블 INSERT
INSERT INTO BOARD VALUES(SEQ_BOARD_CODE.NEXTVAL, '김종현', '내요오오오오오옹옹', SYSDATE,
                         '제모오오오옥', 0, 1);
INSERT INTO BOARD VALUES(SEQ_BOARD_CODE.NEXTVAL, '김지혁', '내요오오오오오옹옹옹', SYSDATE,
                         '제모오오오오옥', 0, 2);
                         
-- 쪽지 테이블 INSERT
INSERT INTO NOTE VALUES(SEQ_NOTE_CODE.NEXTVAL, '김종현', '김지혁', SYSDATE,
                         'Y', '내요오오오오오오옹');
INSERT INTO NOTE VALUES(SEQ_NOTE_CODE.NEXTVAL, '김지혁', '김종현', SYSDATE,
                         'Y', '내요오오오오오오오오오옹');   
                         
-- 댓글 테이블 INSERT
INSERT INTO "COMMENTS" VALUES(SEQ_COMMENT_CODE.NEXTVAL, SEQ_COMMENT_CODE.CURRVAL, 1, '김종현',
                         '내요오오오오오옹', SYSDATE, 1, 1, 'Y');
INSERT INTO "COMMENTS" VALUES(SEQ_COMMENT_CODE.NEXTVAL, SEQ_COMMENT_CODE.CURRVAL, 2, '김지혁',
                         '내요오오오오오오오오옹', SYSDATE, 2, 1, 'Y');

-- 투표 테이블 INSERT
INSERT INTO VOTE VALUES(SEQ_VOTE_CODE.NEXTVAL, '김종현', '제모오오오오옥', '내요오오오오옹',
                         1, SYSDATE, SYSDATE, 0);
INSERT INTO VOTE VALUES(SEQ_VOTE_CODE.NEXTVAL, '김지혁', '제모오오오오오옥', '내요오오오오오옹',
                         2, SYSDATE, SYSDATE, 0);
                         
-- 투표 선택지 테이블 INSERT
INSERT INTO VOTE_OPTION VALUES(SEQ_VOTE_CODE.CURRVAL, '김종현', '내요오오오오옹', 12);
INSERT INTO VOTE_OPTION VALUES(SEQ_VOTE_CODE.CURRVAL, '김지혁', '내요오오오오옹', 25);

-- 투표 참여 테이블 INSERT
INSERT INTO VOTE_PARTICIPATION VALUES(SEQ_VOTE_CODE.CURRVAL, '김종현');
INSERT INTO VOTE_PARTICIPATION VALUES(SEQ_VOTE_CODE.CURRVAL, '김지혁');

-- 근태관리 테이블 INSERT
INSERT INTO TNA VALUES(SYSDATE, '김종현', NULL);
INSERT INTO TNA VALUES(SYSDATE, '김지혁', NULL);

-- 문서 양식 테이블 INSERT
INSERT INTO DOCUMENT_FORM VALUES(SEQ_DOCUMENT_CODE.NEXTVAL, '기안서');
INSERT INTO DOCUMENT_FORM VALUES(SEQ_DOCUMENT_CODE.NEXTVAL, '휴가계');

-- 퇴직금 관리 INSERT
INSERT INTO "SP_MANAGEMENT" VALUES (SEQ_SP_CODE.NEXTVAL,'김종현', 1000000000, 18);
INSERT INTO "SP_MANAGEMENT" VALUES (SEQ_SP_CODE.NEXTVAL,'김지혁', 5000, 18);

-- 급여 관리 INSERT
INSERT INTO "SALARY" VALUES(SEQ_SALARY_CODE.NEXTVAL, '김종현', SYSDATE, '5000000', 2.0);
INSERT INTO "SALARY" VALUES(SEQ_SALARY_CODE.NEXTVAL, '김지혁', SYSDATE, '50000', 0.5);

-- 재고 테이블 INSERT
INSERT INTO INVENTORY VALUES(1, 1, 200);
INSERT INTO INVENTORY VALUES(2, 1, 200);
INSERT INTO INVENTORY VALUES(3, 1, 300);
INSERT INTO INVENTORY VALUES(4, 1, 400);
INSERT INTO INVENTORY VALUES(1, 2, 100);
INSERT INTO INVENTORY VALUES(2, 2, 200);
INSERT INTO INVENTORY VALUES(3, 2, 200);
INSERT INTO INVENTORY VALUES(4, 2, 300);
INSERT INTO INVENTORY VALUES(5, 2, 400);
INSERT INTO INVENTORY VALUES(3, 3, 300);
INSERT INTO INVENTORY VALUES(4, 4, 400);
INSERT INTO INVENTORY VALUES(5, 5, 500);

-- 입출고 내역 테이블 INSERT
INSERT INTO IN_OUT VALUES(SEQ_IN_OUT_CODE.NEXTVAL, 1, 1, SYSDATE, 1, 100);
INSERT INTO IN_OUT VALUES(SEQ_IN_OUT_CODE.NEXTVAL, 2, 2, SYSDATE, 2, 200);
INSERT INTO IN_OUT VALUES(SEQ_IN_OUT_CODE.NEXTVAL, 3, 3, SYSDATE, 3, 300);
INSERT INTO IN_OUT VALUES(SEQ_IN_OUT_CODE.NEXTVAL, 4, 4, SYSDATE, 1, 400);

COMMIT;